{
    "mae": 0.7886788426418646,
    "mse": 1.0791721720784793,
    "rmse": 1.0388321192947778,
    "r2": 0.41953312386062114,
    "adjusted_r2": 0.4071747968202344
}